{
    "version": "2023-08-31",
    "name": "llama2-7b-chat_3500_150_summary",
    "model": "llama2-7b-chat",
    "mean_input_tokens": 3500,
    "stddev_input_tokens": 150,
    "mean_output_tokens": 150,
    "stddev_output_tokens": 10,
    "num_concurrent_requests": 20,
    "results_inter_token_latency_s_quantiles_p25": 0.06380507242023772,
    "results_inter_token_latency_s_quantiles_p50": 0.09473439003901515,
    "results_inter_token_latency_s_quantiles_p75": 0.13554772400502665,
    "results_inter_token_latency_s_quantiles_p90": 0.16118787047940333,
    "results_inter_token_latency_s_quantiles_p95": 0.16507073440350256,
    "results_inter_token_latency_s_quantiles_p99": 0.17658248608321409,
    "results_inter_token_latency_s_mean": 0.09615774670405629,
    "results_inter_token_latency_s_min": 0.03052034745528515,
    "results_inter_token_latency_s_max": 0.18144465679696833,
    "results_inter_token_latency_s_stddev": 0.04512159055996461,
    "results_ttft_s_quantiles_p25": 5.355596424953546,
    "results_ttft_s_quantiles_p50": 10.15299099800177,
    "results_ttft_s_quantiles_p75": 15.345507423917297,
    "results_ttft_s_quantiles_p90": 19.45888597269077,
    "results_ttft_s_quantiles_p95": 19.971428184921386,
    "results_ttft_s_quantiles_p99": 20.275129902835467,
    "results_ttft_s_mean": 10.199601660622283,
    "results_ttft_s_min": 0.3181765889748931,
    "results_ttft_s_max": 20.624128887197003,
    "results_ttft_s_stddev": 6.638890509711546,
    "results_end_to_end_latency_s_quantiles_p25": 9.3161672737333,
    "results_end_to_end_latency_s_quantiles_p50": 14.515680267941207,
    "results_end_to_end_latency_s_quantiles_p75": 19.409370533947367,
    "results_end_to_end_latency_s_quantiles_p90": 23.341538271610624,
    "results_end_to_end_latency_s_quantiles_p95": 23.58872344169067,
    "results_end_to_end_latency_s_quantiles_p99": 23.728513910192994,
    "results_end_to_end_latency_s_mean": 14.371425832936074,
    "results_end_to_end_latency_s_min": 4.320720345014706,
    "results_end_to_end_latency_s_max": 23.80923922196962,
    "results_end_to_end_latency_s_stddev": 6.560508371152762,
    "results_request_output_throughput_token_per_s_quantiles_p25": 7.377427119157874,
    "results_request_output_throughput_token_per_s_quantiles_p50": 10.555581799508364,
    "results_request_output_throughput_token_per_s_quantiles_p75": 15.672233963082057,
    "results_request_output_throughput_token_per_s_quantiles_p90": 30.819273588583236,
    "results_request_output_throughput_token_per_s_quantiles_p95": 31.854972681842554,
    "results_request_output_throughput_token_per_s_quantiles_p99": 32.41207514837025,
    "results_request_output_throughput_token_per_s_mean": 14.06324294863245,
    "results_request_output_throughput_token_per_s_min": 5.511239921446561,
    "results_request_output_throughput_token_per_s_max": 32.761749509500945,
    "results_request_output_throughput_token_per_s_stddev": 8.814565245759454,
    "results_number_input_tokens_quantiles_p25": 3413.75,
    "results_number_input_tokens_quantiles_p50": 3513.5,
    "results_number_input_tokens_quantiles_p75": 3585.25,
    "results_number_input_tokens_quantiles_p90": 3689.3,
    "results_number_input_tokens_quantiles_p95": 3776.25,
    "results_number_input_tokens_quantiles_p99": 3931.49,
    "results_number_input_tokens_mean": 3503.7375,
    "results_number_input_tokens_min": "3125",
    "results_number_input_tokens_max": "3986",
    "results_number_input_tokens_stddev": 158.77447932463872,
    "results_number_output_tokens_quantiles_p25": 145.0,
    "results_number_output_tokens_quantiles_p50": 149.5,
    "results_number_output_tokens_quantiles_p75": 157.0,
    "results_number_output_tokens_quantiles_p90": 160.10000000000002,
    "results_number_output_tokens_quantiles_p95": 162.14999999999998,
    "results_number_output_tokens_quantiles_p99": 167.20999999999998,
    "results_number_output_tokens_mean": 150.275,
    "results_number_output_tokens_min": "130",
    "results_number_output_tokens_max": "168",
    "results_number_output_tokens_stddev": 8.270697091524198,
    "results_num_requests_started": 80,
    "results_error_rate": 0.0,
    "results_number_errors": 0,
    "results_error_code_frequency": "{}",
    "results_mean_output_throughput_token_per_s": 127.54742614339345,
    "results_num_completed_requests": 80,
    "results_num_completed_requests_per_min": 50.92560684480856,
    "timestamp": 1727167718
}