{
    "version": "2023-08-31",
    "name": "llama2-7b-chat_1000_150_summary",
    "model": "llama2-7b-chat",
    "mean_input_tokens": 1000,
    "stddev_input_tokens": 150,
    "mean_output_tokens": 150,
    "stddev_output_tokens": 10,
    "num_concurrent_requests": 20,
    "results_inter_token_latency_s_quantiles_p25": 0.03415793519827012,
    "results_inter_token_latency_s_quantiles_p50": 0.03549484956624291,
    "results_inter_token_latency_s_quantiles_p75": 0.04156377857258949,
    "results_inter_token_latency_s_quantiles_p90": 0.05290637825657838,
    "results_inter_token_latency_s_quantiles_p95": 0.057337712569264905,
    "results_inter_token_latency_s_quantiles_p99": 0.05853591947987863,
    "results_inter_token_latency_s_mean": 0.039426315995711295,
    "results_inter_token_latency_s_min": 0.03270293602655674,
    "results_inter_token_latency_s_max": 0.059742122197182466,
    "results_inter_token_latency_s_stddev": 0.008177751405774402,
    "results_ttft_s_quantiles_p25": 0.8127414962509647,
    "results_ttft_s_quantiles_p50": 0.9629744115518406,
    "results_ttft_s_quantiles_p75": 1.9668276474112645,
    "results_ttft_s_quantiles_p90": 5.009494889434428,
    "results_ttft_s_quantiles_p95": 5.257852724718395,
    "results_ttft_s_quantiles_p99": 5.419493205291219,
    "results_ttft_s_mean": 1.8820304632157785,
    "results_ttft_s_min": 0.0759114280808717,
    "results_ttft_s_max": 5.425593232968822,
    "results_ttft_s_stddev": 1.795840659680576,
    "results_end_to_end_latency_s_quantiles_p25": 5.105899641581345,
    "results_end_to_end_latency_s_quantiles_p50": 5.453258224995807,
    "results_end_to_end_latency_s_quantiles_p75": 6.365756153303664,
    "results_end_to_end_latency_s_quantiles_p90": 7.972112548304722,
    "results_end_to_end_latency_s_quantiles_p95": 8.168016139639075,
    "results_end_to_end_latency_s_quantiles_p99": 8.335366762762423,
    "results_end_to_end_latency_s_mean": 5.916286478959956,
    "results_end_to_end_latency_s_min": 4.365037428913638,
    "results_end_to_end_latency_s_max": 8.43602621392347,
    "results_end_to_end_latency_s_stddev": 1.2048533788497557,
    "results_request_output_throughput_token_per_s_quantiles_p25": 24.15502851706526,
    "results_request_output_throughput_token_per_s_quantiles_p50": 28.171846707640384,
    "results_request_output_throughput_token_per_s_quantiles_p75": 29.27393023079159,
    "results_request_output_throughput_token_per_s_quantiles_p90": 29.926967306112164,
    "results_request_output_throughput_token_per_s_quantiles_p95": 30.32661935234091,
    "results_request_output_throughput_token_per_s_quantiles_p99": 30.555857071331506,
    "results_request_output_throughput_token_per_s_mean": 26.258710367010792,
    "results_request_output_throughput_token_per_s_min": 16.737982749393552,
    "results_request_output_throughput_token_per_s_max": 30.575906981264797,
    "results_request_output_throughput_token_per_s_stddev": 4.401414724456049,
    "results_number_input_tokens_quantiles_p25": 913.75,
    "results_number_input_tokens_quantiles_p50": 1013.5,
    "results_number_input_tokens_quantiles_p75": 1085.25,
    "results_number_input_tokens_quantiles_p90": 1189.3000000000002,
    "results_number_input_tokens_quantiles_p95": 1276.2499999999998,
    "results_number_input_tokens_quantiles_p99": 1431.4899999999996,
    "results_number_input_tokens_mean": 1003.7375,
    "results_number_input_tokens_min": "625",
    "results_number_input_tokens_max": "1486",
    "results_number_input_tokens_stddev": 158.77447932463872,
    "results_number_output_tokens_quantiles_p25": 145.0,
    "results_number_output_tokens_quantiles_p50": 149.5,
    "results_number_output_tokens_quantiles_p75": 157.0,
    "results_number_output_tokens_quantiles_p90": 160.10000000000002,
    "results_number_output_tokens_quantiles_p95": 162.14999999999998,
    "results_number_output_tokens_quantiles_p99": 167.20999999999998,
    "results_number_output_tokens_mean": 150.275,
    "results_number_output_tokens_min": "130",
    "results_number_output_tokens_max": "168",
    "results_number_output_tokens_stddev": 8.270697091524198,
    "results_num_requests_started": 80,
    "results_error_rate": 0.0,
    "results_number_errors": 0,
    "results_error_code_frequency": "{}",
    "results_mean_output_throughput_token_per_s": 361.7590033918978,
    "results_num_completed_requests": 80,
    "results_num_completed_requests_per_min": 144.4387968957835,
    "timestamp": 1727167613
}