{
    "version": "2023-08-31",
    "name": "llama2-7b-chat_550_150_summary",
    "model": "llama2-7b-chat",
    "mean_input_tokens": 550,
    "stddev_input_tokens": 150,
    "mean_output_tokens": 150,
    "stddev_output_tokens": 10,
    "num_concurrent_requests": 20,
    "results_inter_token_latency_s_quantiles_p25": 0.02186126575786607,
    "results_inter_token_latency_s_quantiles_p50": 0.022235770106568888,
    "results_inter_token_latency_s_quantiles_p75": 0.022762100340108705,
    "results_inter_token_latency_s_quantiles_p90": 0.022905439235813185,
    "results_inter_token_latency_s_quantiles_p95": 0.02318595502367254,
    "results_inter_token_latency_s_quantiles_p99": 0.023471269365509,
    "results_inter_token_latency_s_mean": 0.02228818210660788,
    "results_inter_token_latency_s_min": 0.021119940474090982,
    "results_inter_token_latency_s_max": 0.023586573384929706,
    "results_inter_token_latency_s_stddev": 0.000564899089211529,
    "results_ttft_s_quantiles_p25": 0.37224990752292797,
    "results_ttft_s_quantiles_p50": 0.45574614850920625,
    "results_ttft_s_quantiles_p75": 0.5075406164833112,
    "results_ttft_s_quantiles_p90": 0.5475025847670623,
    "results_ttft_s_quantiles_p95": 0.5488242229126626,
    "results_ttft_s_quantiles_p99": 0.5499517261917936,
    "results_ttft_s_mean": 0.41371956776347363,
    "results_ttft_s_min": 0.05409005598630756,
    "results_ttft_s_max": 0.5500721340067685,
    "results_ttft_s_stddev": 0.1409413823157436,
    "results_end_to_end_latency_s_quantiles_p25": 3.2342500099912286,
    "results_end_to_end_latency_s_quantiles_p50": 3.3538121650053654,
    "results_end_to_end_latency_s_quantiles_p75": 3.460424239267013,
    "results_end_to_end_latency_s_quantiles_p90": 3.5417073219199664,
    "results_end_to_end_latency_s_quantiles_p95": 3.585664545794134,
    "results_end_to_end_latency_s_quantiles_p99": 3.636094757608953,
    "results_end_to_end_latency_s_mean": 3.345367832800548,
    "results_end_to_end_latency_s_min": 3.0030684070079587,
    "results_end_to_end_latency_s_max": 3.6531691389973275,
    "results_end_to_end_latency_s_stddev": 0.1558888061327307,
    "results_request_output_throughput_token_per_s_quantiles_p25": 43.92881346550138,
    "results_request_output_throughput_token_per_s_quantiles_p50": 44.96782541901892,
    "results_request_output_throughput_token_per_s_quantiles_p75": 45.738311929445146,
    "results_request_output_throughput_token_per_s_quantiles_p90": 46.28104879815039,
    "results_request_output_throughput_token_per_s_quantiles_p95": 46.54194428072919,
    "results_request_output_throughput_token_per_s_quantiles_p99": 47.1478490872804,
    "results_request_output_throughput_token_per_s_mean": 44.887581762814804,
    "results_request_output_throughput_token_per_s_min": 42.392162110912565,
    "results_request_output_throughput_token_per_s_max": 47.34357384915935,
    "results_request_output_throughput_token_per_s_stddev": 1.1416855505784254,
    "results_number_input_tokens_quantiles_p25": 463.75,
    "results_number_input_tokens_quantiles_p50": 563.5,
    "results_number_input_tokens_quantiles_p75": 635.25,
    "results_number_input_tokens_quantiles_p90": 739.3000000000002,
    "results_number_input_tokens_quantiles_p95": 826.2499999999999,
    "results_number_input_tokens_quantiles_p99": 981.4899999999996,
    "results_number_input_tokens_mean": 553.7375,
    "results_number_input_tokens_min": "175",
    "results_number_input_tokens_max": "1036",
    "results_number_input_tokens_stddev": 158.77447932463872,
    "results_number_output_tokens_quantiles_p25": 145.0,
    "results_number_output_tokens_quantiles_p50": 149.5,
    "results_number_output_tokens_quantiles_p75": 157.0,
    "results_number_output_tokens_quantiles_p90": 160.10000000000002,
    "results_number_output_tokens_quantiles_p95": 162.14999999999998,
    "results_number_output_tokens_quantiles_p99": 167.20999999999998,
    "results_number_output_tokens_mean": 150.1875,
    "results_number_output_tokens_min": "130",
    "results_number_output_tokens_max": "168",
    "results_number_output_tokens_stddev": 8.374303296167541,
    "results_num_requests_started": 80,
    "results_error_rate": 0.0,
    "results_number_errors": 0,
    "results_error_code_frequency": "{}",
    "results_mean_output_throughput_token_per_s": 790.9570018044564,
    "results_num_completed_requests": 80,
    "results_num_completed_requests_per_min": 315.9878159518427,
    "timestamp": 1727235996
}