{
    "version": "2023-08-31",
    "name": "llama2-7b-chat_550_150_summary",
    "model": "llama2-7b-chat",
    "mean_input_tokens": 550,
    "stddev_input_tokens": 150,
    "mean_output_tokens": 150,
    "stddev_output_tokens": 10,
    "num_concurrent_requests": 20,
    "results_inter_token_latency_s_quantiles_p25": 0.028271405671605947,
    "results_inter_token_latency_s_quantiles_p50": 0.028900868998346416,
    "results_inter_token_latency_s_quantiles_p75": 0.029428177959516563,
    "results_inter_token_latency_s_quantiles_p90": 0.0297220813252123,
    "results_inter_token_latency_s_quantiles_p95": 0.029970117973598095,
    "results_inter_token_latency_s_quantiles_p99": 0.031035996783767093,
    "results_inter_token_latency_s_mean": 0.028786215268648014,
    "results_inter_token_latency_s_min": 0.023887035984080283,
    "results_inter_token_latency_s_max": 0.03375051176478436,
    "results_inter_token_latency_s_stddev": 0.0012018959251338963,
    "results_ttft_s_quantiles_p25": 0.6504574517603032,
    "results_ttft_s_quantiles_p50": 0.7703070230782032,
    "results_ttft_s_quantiles_p75": 0.7725275899865665,
    "results_ttft_s_quantiles_p90": 0.8605480595026169,
    "results_ttft_s_quantiles_p95": 0.9073095369036309,
    "results_ttft_s_quantiles_p99": 0.9142500314628705,
    "results_ttft_s_mean": 0.689884057303425,
    "results_ttft_s_min": 0.051128369057551026,
    "results_ttft_s_max": 0.9147125850431621,
    "results_ttft_s_stddev": 0.211879682957881,
    "results_end_to_end_latency_s_quantiles_p25": 4.18792255979497,
    "results_end_to_end_latency_s_quantiles_p50": 4.333872069953941,
    "results_end_to_end_latency_s_quantiles_p75": 4.441300967533607,
    "results_end_to_end_latency_s_quantiles_p90": 4.558784443652257,
    "results_end_to_end_latency_s_quantiles_p95": 4.5874959687120285,
    "results_end_to_end_latency_s_quantiles_p99": 4.638919534999877,
    "results_end_to_end_latency_s_mean": 4.293092715603416,
    "results_end_to_end_latency_s_min": 2.8255599660333246,
    "results_end_to_end_latency_s_max": 4.711534415837377,
    "results_end_to_end_latency_s_stddev": 0.2576919702544925,
    "results_request_output_throughput_token_per_s_quantiles_p25": 33.979491879047615,
    "results_request_output_throughput_token_per_s_quantiles_p50": 34.59859093610508,
    "results_request_output_throughput_token_per_s_quantiles_p75": 35.36870652322298,
    "results_request_output_throughput_token_per_s_quantiles_p90": 36.20467508324001,
    "results_request_output_throughput_token_per_s_quantiles_p95": 36.47148181085774,
    "results_request_output_throughput_token_per_s_quantiles_p99": 41.82908526293348,
    "results_request_output_throughput_token_per_s_mean": 34.796463710500554,
    "results_request_output_throughput_token_per_s_min": 29.3747083756003,
    "results_request_output_throughput_token_per_s_max": 41.86046182301643,
    "results_request_output_throughput_token_per_s_stddev": 1.553489534834863,
    "results_number_input_tokens_quantiles_p25": 463.75,
    "results_number_input_tokens_quantiles_p50": 563.5,
    "results_number_input_tokens_quantiles_p75": 635.25,
    "results_number_input_tokens_quantiles_p90": 739.3000000000002,
    "results_number_input_tokens_quantiles_p95": 826.2499999999999,
    "results_number_input_tokens_quantiles_p99": 981.4899999999996,
    "results_number_input_tokens_mean": 553.7375,
    "results_number_input_tokens_min": "175",
    "results_number_input_tokens_max": "1036",
    "results_number_input_tokens_stddev": 158.77447932463872,
    "results_number_output_tokens_quantiles_p25": 144.75,
    "results_number_output_tokens_quantiles_p50": 149.0,
    "results_number_output_tokens_quantiles_p75": 157.0,
    "results_number_output_tokens_quantiles_p90": 160.10000000000002,
    "results_number_output_tokens_quantiles_p95": 162.14999999999998,
    "results_number_output_tokens_quantiles_p99": 167.20999999999998,
    "results_number_output_tokens_mean": 149.4375,
    "results_number_output_tokens_min": "83",
    "results_number_output_tokens_max": "168",
    "results_number_output_tokens_stddev": 11.179596865538104,
    "results_num_requests_started": 80,
    "results_error_rate": 0.0,
    "results_number_errors": 0,
    "results_error_code_frequency": "{}",
    "results_mean_output_throughput_token_per_s": 623.6030794518214,
    "results_num_completed_requests": 80,
    "results_num_completed_requests_per_min": 250.38015737086934,
    "timestamp": 1727167569
}