{
    "version": "2023-08-31",
    "name": "llama2-7b-chat_3500_150_summary",
    "model": "llama2-7b-chat",
    "mean_input_tokens": 3500,
    "stddev_input_tokens": 150,
    "mean_output_tokens": 150,
    "stddev_output_tokens": 10,
    "num_concurrent_requests": 20,
    "results_inter_token_latency_s_quantiles_p25": 0.03531244115690203,
    "results_inter_token_latency_s_quantiles_p50": 0.06343889757337967,
    "results_inter_token_latency_s_quantiles_p75": 0.06924487249443989,
    "results_inter_token_latency_s_quantiles_p90": 0.086602263229102,
    "results_inter_token_latency_s_quantiles_p95": 0.09091969709106035,
    "results_inter_token_latency_s_quantiles_p99": 0.097713895169085,
    "results_inter_token_latency_s_mean": 0.0574895845195895,
    "results_inter_token_latency_s_min": 0.031238063758387905,
    "results_inter_token_latency_s_max": 0.09856287682420001,
    "results_inter_token_latency_s_stddev": 0.021003312803246472,
    "results_ttft_s_quantiles_p25": 1.1128712304634973,
    "results_ttft_s_quantiles_p50": 5.08352438651491,
    "results_ttft_s_quantiles_p75": 6.282924736005953,
    "results_ttft_s_quantiles_p90": 9.848474592668937,
    "results_ttft_s_quantiles_p95": 10.06526381232834,
    "results_ttft_s_quantiles_p99": 10.23719424499781,
    "results_ttft_s_mean": 4.5855399427651715,
    "results_ttft_s_min": 0.30119371198816225,
    "results_ttft_s_max": 10.237630404008087,
    "results_ttft_s_stddev": 3.4001162892455103,
    "results_end_to_end_latency_s_quantiles_p25": 5.468550518970005,
    "results_end_to_end_latency_s_quantiles_p50": 9.566703201504424,
    "results_end_to_end_latency_s_quantiles_p75": 10.415311257267604,
    "results_end_to_end_latency_s_quantiles_p90": 12.859413438203045,
    "results_end_to_end_latency_s_quantiles_p95": 12.966894363588652,
    "results_end_to_end_latency_s_quantiles_p99": 13.191413096763426,
    "results_end_to_end_latency_s_mean": 8.604628171853255,
    "results_end_to_end_latency_s_min": 4.427109826006927,
    "results_end_to_end_latency_s_max": 13.225972372049,
    "results_end_to_end_latency_s_stddev": 3.044790436688363,
    "results_request_output_throughput_token_per_s_quantiles_p25": 14.44105914895496,
    "results_request_output_throughput_token_per_s_quantiles_p50": 15.763019334718582,
    "results_request_output_throughput_token_per_s_quantiles_p75": 28.317343643316015,
    "results_request_output_throughput_token_per_s_quantiles_p90": 30.19251821204782,
    "results_request_output_throughput_token_per_s_quantiles_p95": 31.275434766521006,
    "results_request_output_throughput_token_per_s_quantiles_p99": 31.847878071824496,
    "results_request_output_throughput_token_per_s_mean": 20.092250156046013,
    "results_request_output_throughput_token_per_s_min": 10.145583050489382,
    "results_request_output_throughput_token_per_s_max": 32.00978885677336,
    "results_request_output_throughput_token_per_s_stddev": 7.7123209856525765,
    "results_number_input_tokens_quantiles_p25": 3413.75,
    "results_number_input_tokens_quantiles_p50": 3513.5,
    "results_number_input_tokens_quantiles_p75": 3585.25,
    "results_number_input_tokens_quantiles_p90": 3689.3,
    "results_number_input_tokens_quantiles_p95": 3776.25,
    "results_number_input_tokens_quantiles_p99": 3931.49,
    "results_number_input_tokens_mean": 3503.7375,
    "results_number_input_tokens_min": "3125",
    "results_number_input_tokens_max": "3986",
    "results_number_input_tokens_stddev": 158.77447932463872,
    "results_number_output_tokens_quantiles_p25": 145.0,
    "results_number_output_tokens_quantiles_p50": 149.5,
    "results_number_output_tokens_quantiles_p75": 157.0,
    "results_number_output_tokens_quantiles_p90": 160.10000000000002,
    "results_number_output_tokens_quantiles_p95": 162.14999999999998,
    "results_number_output_tokens_quantiles_p99": 167.20999999999998,
    "results_number_output_tokens_mean": 150.2625,
    "results_number_output_tokens_min": "130",
    "results_number_output_tokens_max": "168",
    "results_number_output_tokens_stddev": 8.26115471439616,
    "results_num_requests_started": 80,
    "results_error_rate": 0.0,
    "results_number_errors": 0,
    "results_error_code_frequency": "{}",
    "results_mean_output_throughput_token_per_s": 228.1254436788777,
    "results_num_completed_requests": 80,
    "results_num_completed_requests_per_min": 91.09076862645479,
    "timestamp": 1727236084
}