{
    "version": "2023-08-31",
    "name": "llama2-7b-chat_1000_150_summary",
    "model": "llama2-7b-chat",
    "mean_input_tokens": 1000,
    "stddev_input_tokens": 150,
    "mean_output_tokens": 150,
    "stddev_output_tokens": 10,
    "num_concurrent_requests": 20,
    "results_inter_token_latency_s_quantiles_p25": 0.026685570115467058,
    "results_inter_token_latency_s_quantiles_p50": 0.027089609251820152,
    "results_inter_token_latency_s_quantiles_p75": 0.0274141566719674,
    "results_inter_token_latency_s_quantiles_p90": 0.027864261225266397,
    "results_inter_token_latency_s_quantiles_p95": 0.02793196716328119,
    "results_inter_token_latency_s_quantiles_p99": 0.028086391596541416,
    "results_inter_token_latency_s_mean": 0.027060003952176837,
    "results_inter_token_latency_s_min": 0.025677816487413588,
    "results_inter_token_latency_s_max": 0.028253788668360164,
    "results_inter_token_latency_s_stddev": 0.000568270781860995,
    "results_ttft_s_quantiles_p25": 0.6932126254687319,
    "results_ttft_s_quantiles_p50": 0.8278506229980849,
    "results_ttft_s_quantiles_p75": 0.8539317065151408,
    "results_ttft_s_quantiles_p90": 0.8563318938133306,
    "results_ttft_s_quantiles_p95": 0.8580798751470865,
    "results_ttft_s_quantiles_p99": 0.8810546132770831,
    "results_ttft_s_mean": 0.7308324664241809,
    "results_ttft_s_min": 0.09408165601780638,
    "results_ttft_s_max": 0.904259623028338,
    "results_ttft_s_stddev": 0.22677003346137903,
    "results_end_to_end_latency_s_quantiles_p25": 3.962159950766363,
    "results_end_to_end_latency_s_quantiles_p50": 4.061716460477328,
    "results_end_to_end_latency_s_quantiles_p75": 4.199402411497431,
    "results_end_to_end_latency_s_quantiles_p90": 4.272839319618652,
    "results_end_to_end_latency_s_quantiles_p95": 4.315188544927514,
    "results_end_to_end_latency_s_quantiles_p99": 4.350669102947577,
    "results_end_to_end_latency_s_mean": 4.063151389988343,
    "results_end_to_end_latency_s_min": 3.643444340035785,
    "results_end_to_end_latency_s_max": 4.351215004047845,
    "results_end_to_end_latency_s_stddev": 0.16605897990962698,
    "results_request_output_throughput_token_per_s_quantiles_p25": 36.47466531799584,
    "results_request_output_throughput_token_per_s_quantiles_p50": 36.91162696622748,
    "results_request_output_throughput_token_per_s_quantiles_p75": 37.470306114129905,
    "results_request_output_throughput_token_per_s_quantiles_p90": 37.929613850995025,
    "results_request_output_throughput_token_per_s_quantiles_p95": 38.3057621017108,
    "results_request_output_throughput_token_per_s_quantiles_p99": 38.76168503967806,
    "results_request_output_throughput_token_per_s_mean": 36.96803477470499,
    "results_request_output_throughput_token_per_s_min": 35.39047970006717,
    "results_request_output_throughput_token_per_s_max": 38.940444243019755,
    "results_request_output_throughput_token_per_s_stddev": 0.7798866224137941,
    "results_number_input_tokens_quantiles_p25": 913.75,
    "results_number_input_tokens_quantiles_p50": 1013.5,
    "results_number_input_tokens_quantiles_p75": 1085.25,
    "results_number_input_tokens_quantiles_p90": 1189.3000000000002,
    "results_number_input_tokens_quantiles_p95": 1276.2499999999998,
    "results_number_input_tokens_quantiles_p99": 1431.4899999999996,
    "results_number_input_tokens_mean": 1003.7375,
    "results_number_input_tokens_min": "625",
    "results_number_input_tokens_max": "1486",
    "results_number_input_tokens_stddev": 158.77447932463872,
    "results_number_output_tokens_quantiles_p25": 145.0,
    "results_number_output_tokens_quantiles_p50": 149.5,
    "results_number_output_tokens_quantiles_p75": 157.0,
    "results_number_output_tokens_quantiles_p90": 160.10000000000002,
    "results_number_output_tokens_quantiles_p95": 162.14999999999998,
    "results_number_output_tokens_quantiles_p99": 167.20999999999998,
    "results_number_output_tokens_mean": 150.275,
    "results_number_output_tokens_min": "130",
    "results_number_output_tokens_max": "168",
    "results_number_output_tokens_stddev": 8.270697091524198,
    "results_num_requests_started": 80,
    "results_error_rate": 0.0,
    "results_number_errors": 0,
    "results_error_code_frequency": "{}",
    "results_mean_output_throughput_token_per_s": 673.6571656074411,
    "results_num_completed_requests": 80,
    "results_num_completed_requests_per_min": 268.96975502542983,
    "timestamp": 1727236022
}