{
    "version": "2023-08-31",
    "name": "meta-llama-Llama-2-7b-chat-hf_3500_150_summary",
    "model": "meta-llama/Llama-2-7b-chat-hf",
    "mean_input_tokens": 3500,
    "stddev_input_tokens": 150,
    "mean_output_tokens": 150,
    "stddev_output_tokens": 10,
    "num_concurrent_requests": 20,
    "results_inter_token_latency_s_quantiles_p25": 0.06110438415770103,
    "results_inter_token_latency_s_quantiles_p50": 0.0967089206650556,
    "results_inter_token_latency_s_quantiles_p75": 0.13035108066357465,
    "results_inter_token_latency_s_quantiles_p90": 0.1518427290951636,
    "results_inter_token_latency_s_quantiles_p95": 0.16301402529497136,
    "results_inter_token_latency_s_quantiles_p99": 0.1700296218446686,
    "results_inter_token_latency_s_mean": 0.0952149665064466,
    "results_inter_token_latency_s_min": 0.02783363036847172,
    "results_inter_token_latency_s_max": 0.17280367230072277,
    "results_inter_token_latency_s_stddev": 0.04432986550200713,
    "results_ttft_s_quantiles_p25": 4.83890433749184,
    "results_ttft_s_quantiles_p50": 10.04787759797182,
    "results_ttft_s_quantiles_p75": 15.185123570845462,
    "results_ttft_s_quantiles_p90": 19.31764711306896,
    "results_ttft_s_quantiles_p95": 19.680003457597923,
    "results_ttft_s_quantiles_p99": 20.348278969023376,
    "results_ttft_s_mean": 10.038761047404842,
    "results_ttft_s_min": 0.31763403909280896,
    "results_ttft_s_max": 20.381162790814415,
    "results_ttft_s_stddev": 6.631965387694107,
    "results_end_to_end_latency_s_quantiles_p25": 9.320733255066443,
    "results_end_to_end_latency_s_quantiles_p50": 14.430698164389469,
    "results_end_to_end_latency_s_quantiles_p75": 19.438815518515185,
    "results_end_to_end_latency_s_quantiles_p90": 23.133787233848125,
    "results_end_to_end_latency_s_quantiles_p95": 23.370563107053748,
    "results_end_to_end_latency_s_quantiles_p99": 23.75974422788713,
    "results_end_to_end_latency_s_mean": 14.258570533659077,
    "results_end_to_end_latency_s_min": 3.618612914113328,
    "results_end_to_end_latency_s_max": 23.85074672405608,
    "results_end_to_end_latency_s_stddev": 6.539054207812289,
    "results_request_output_throughput_token_per_s_quantiles_p25": 7.671462586981563,
    "results_request_output_throughput_token_per_s_quantiles_p50": 10.34002546654419,
    "results_request_output_throughput_token_per_s_quantiles_p75": 16.365295118696423,
    "results_request_output_throughput_token_per_s_quantiles_p90": 29.87109784124242,
    "results_request_output_throughput_token_per_s_quantiles_p95": 31.594618888400746,
    "results_request_output_throughput_token_per_s_quantiles_p99": 34.64031151626172,
    "results_request_output_throughput_token_per_s_mean": 14.191016553408868,
    "results_request_output_throughput_token_per_s_min": 5.786840280469279,
    "results_request_output_throughput_token_per_s_max": 35.92536783721008,
    "results_request_output_throughput_token_per_s_stddev": 8.866283923148625,
    "results_number_input_tokens_quantiles_p25": 3413.75,
    "results_number_input_tokens_quantiles_p50": 3513.5,
    "results_number_input_tokens_quantiles_p75": 3585.25,
    "results_number_input_tokens_quantiles_p90": 3689.3,
    "results_number_input_tokens_quantiles_p95": 3776.25,
    "results_number_input_tokens_quantiles_p99": 3931.49,
    "results_number_input_tokens_mean": 3503.7375,
    "results_number_input_tokens_min": "3125",
    "results_number_input_tokens_max": "3986",
    "results_number_input_tokens_stddev": 158.77447932463872,
    "results_number_output_tokens_quantiles_p25": 145.0,
    "results_number_output_tokens_quantiles_p50": 149.5,
    "results_number_output_tokens_quantiles_p75": 157.0,
    "results_number_output_tokens_quantiles_p90": 160.10000000000002,
    "results_number_output_tokens_quantiles_p95": 162.14999999999998,
    "results_number_output_tokens_quantiles_p99": 167.20999999999998,
    "results_number_output_tokens_mean": 150.275,
    "results_number_output_tokens_min": "130",
    "results_number_output_tokens_max": "168",
    "results_number_output_tokens_stddev": 8.270697091524198,
    "results_num_requests_started": 80,
    "results_error_rate": 0.0,
    "results_number_errors": 0,
    "results_error_code_frequency": "{}",
    "results_mean_output_throughput_token_per_s": 127.07964807364769,
    "results_num_completed_requests": 80,
    "results_num_completed_requests_per_min": 50.73883802641066,
    "timestamp": 1727165836
}