{
    "version": "2023-08-31",
    "name": "meta-llama-Llama-2-7b-chat-hf_550_150_summary",
    "model": "meta-llama/Llama-2-7b-chat-hf",
    "mean_input_tokens": 550,
    "stddev_input_tokens": 150,
    "mean_output_tokens": 150,
    "stddev_output_tokens": 10,
    "num_concurrent_requests": 24,
    "results_inter_token_latency_s_quantiles_p25": 0.030743714346435164,
    "results_inter_token_latency_s_quantiles_p50": 0.03132867314834596,
    "results_inter_token_latency_s_quantiles_p75": 0.031985858576554414,
    "results_inter_token_latency_s_quantiles_p90": 0.032315990668741294,
    "results_inter_token_latency_s_quantiles_p95": 0.0324290552839207,
    "results_inter_token_latency_s_quantiles_p99": 0.03302672826132332,
    "results_inter_token_latency_s_mean": 0.03104559241527463,
    "results_inter_token_latency_s_min": 0.024799381644162205,
    "results_inter_token_latency_s_max": 0.03534220567095385,
    "results_inter_token_latency_s_stddev": 0.0016228484001374942,
    "results_ttft_s_quantiles_p25": 0.6110667245811783,
    "results_ttft_s_quantiles_p50": 0.767977716983296,
    "results_ttft_s_quantiles_p75": 0.7802417677594349,
    "results_ttft_s_quantiles_p90": 1.0991195880342275,
    "results_ttft_s_quantiles_p95": 1.103362982510589,
    "results_ttft_s_quantiles_p99": 1.1044871825608424,
    "results_ttft_s_mean": 0.7092350025244135,
    "results_ttft_s_min": 0.05071326089091599,
    "results_ttft_s_max": 1.104892214993015,
    "results_ttft_s_stddev": 0.2910249534413511,
    "results_end_to_end_latency_s_quantiles_p25": 4.530947066610679,
    "results_end_to_end_latency_s_quantiles_p50": 4.7251778685022146,
    "results_end_to_end_latency_s_quantiles_p75": 4.81951558374567,
    "results_end_to_end_latency_s_quantiles_p90": 4.9592174590798095,
    "results_end_to_end_latency_s_quantiles_p95": 4.980835010996088,
    "results_end_to_end_latency_s_quantiles_p99": 5.0840243804152125,
    "results_end_to_end_latency_s_mean": 4.651129353536817,
    "results_end_to_end_latency_s_min": 3.52508895797655,
    "results_end_to_end_latency_s_max": 5.085035931086168,
    "results_end_to_end_latency_s_stddev": 0.29732735269293536,
    "results_request_output_throughput_token_per_s_quantiles_p25": 31.261620238085943,
    "results_request_output_throughput_token_per_s_quantiles_p50": 31.91719032920892,
    "results_request_output_throughput_token_per_s_quantiles_p75": 32.524539672811414,
    "results_request_output_throughput_token_per_s_quantiles_p90": 33.40138471001153,
    "results_request_output_throughput_token_per_s_quantiles_p95": 37.825863790657195,
    "results_request_output_throughput_token_per_s_quantiles_p99": 39.6079380340844,
    "results_request_output_throughput_token_per_s_mean": 32.30471364095532,
    "results_request_output_throughput_token_per_s_min": 28.084397636542874,
    "results_request_output_throughput_token_per_s_max": 40.32030884816425,
    "results_request_output_throughput_token_per_s_stddev": 1.917569929077178,
    "results_number_input_tokens_quantiles_p25": 458.0,
    "results_number_input_tokens_quantiles_p50": 559.0,
    "results_number_input_tokens_quantiles_p75": 638.0,
    "results_number_input_tokens_quantiles_p90": 744.5,
    "results_number_input_tokens_quantiles_p95": 815.0,
    "results_number_input_tokens_quantiles_p99": 970.4499999999998,
    "results_number_input_tokens_mean": 548.34375,
    "results_number_input_tokens_min": "150",
    "results_number_input_tokens_max": "1036",
    "results_number_input_tokens_stddev": 161.83232571009057,
    "results_number_output_tokens_quantiles_p25": 145.0,
    "results_number_output_tokens_quantiles_p50": 149.5,
    "results_number_output_tokens_quantiles_p75": 157.0,
    "results_number_output_tokens_quantiles_p90": 160.5,
    "results_number_output_tokens_quantiles_p95": 163.5,
    "results_number_output_tokens_quantiles_p99": 167.05,
    "results_number_output_tokens_mean": 150.03125,
    "results_number_output_tokens_min": "99",
    "results_number_output_tokens_max": "168",
    "results_number_output_tokens_stddev": 9.79629696418633,
    "results_num_requests_started": 96,
    "results_error_rate": 0.0,
    "results_number_errors": 0,
    "results_error_code_frequency": "{}",
    "results_mean_output_throughput_token_per_s": 692.6877855663103,
    "results_num_completed_requests": 96,
    "results_num_completed_requests_per_min": 277.0174022677183,
    "timestamp": 1727165565
}